{
  "HTTP Request-1" : {
    "transaction" : "HTTP Request-1",
    "sampleCount" : 494,
    "errorCount" : 127,
    "errorPct" : 25.708502,
    "meanResTime" : 73544.56072874498,
    "medianResTime" : 75002.0,
    "minResTime" : 2104.0,
    "maxResTime" : 169483.0,
    "pct1ResTime" : 136062.5,
    "pct2ResTime" : 141394.5,
    "pct3ResTime" : 162498.15,
    "throughput" : 2.574042810396215,
    "receivedKBytesPerSec" : 57.541440249249675,
    "sentKBytesPerSec" : 0.22409706590383294
  },
  "Total" : {
    "transaction" : "Total",
    "sampleCount" : 1488,
    "errorCount" : 260,
    "errorPct" : 17.473118,
    "meanResTime" : 73889.95766129054,
    "medianResTime" : 67237.5,
    "minResTime" : 38.0,
    "maxResTime" : 186945.0,
    "pct1ResTime" : 157062.7,
    "pct2ResTime" : 160831.8,
    "pct3ResTime" : 179045.22999999986,
    "throughput" : 7.751009245995572,
    "receivedKBytesPerSec" : 118.05648928896993,
    "sentKBytesPerSec" : 1.05116226071103
  },
  "HTTP Request-0" : {
    "transaction" : "HTTP Request-0",
    "sampleCount" : 494,
    "errorCount" : 0,
    "errorPct" : 0.0,
    "meanResTime" : 37381.45748987854,
    "medianResTime" : 21084.5,
    "minResTime" : 38.0,
    "maxResTime" : 118079.0,
    "pct1ResTime" : 102833.0,
    "pct2ResTime" : 110674.5,
    "pct3ResTime" : 114980.65000000001,
    "throughput" : 3.8617584290304174,
    "receivedKBytesPerSec" : 2.19863785559056,
    "sentKBytesPerSec" : 0.452549815902002
  },
  "HTTP Request" : {
    "transaction" : "HTTP Request",
    "sampleCount" : 500,
    "errorCount" : 133,
    "errorPct" : 26.6,
    "meanResTime" : 110301.608,
    "medianResTime" : 125706.5,
    "minResTime" : 4891.0,
    "maxResTime" : 186945.0,
    "pct1ResTime" : 164854.2,
    "pct2ResTime" : 172689.65,
    "pct3ResTime" : 183641.88,
    "throughput" : 2.604505795025394,
    "receivedKBytesPerSec" : 59.06768866388853,
    "sentKBytesPerSec" : 0.525581130355515
  }
}